Ref,Val,Package,PosX,PosY,Rot,Side
"D1","WS2812B-2020","WS2812B-2020",-12.000000,6.750000,180.000000,bottom
"D2","WS2812B-2020","WS2812B-2020",-12.100000,15.750000,180.000000,bottom
"P1","SAO 2x3 IDC","Badgelife-SAOv169-BADGE-2x3",-51.310000,11.250000,-90.000000,bottom
"SW4","TS-1187A-B-A-B","SW_SPST_TL3342",-5.200000,15.750000,-90.000000,bottom
"SW5","TS-1187A-B-A-B","SW_SPST_TL3342",-5.200000,6.740000,-90.000000,bottom
